{
  "id": "1476498",
  "name": "index",
  "font_family": "iconfont",
  "css_prefix_text": "icon-",
  "description": "",
  "glyphs": [
    {
      "icon_id": "649313",
      "name": "左",
      "font_class": "zuo",
      "unicode": "e635",
      "unicode_decimal": 58933
    },
    {
      "icon_id": "712404",
      "name": "左",
      "font_class": "icon-arrow-left2",
      "unicode": "e664",
      "unicode_decimal": 58980
    },
    {
      "icon_id": "712405",
      "name": "上",
      "font_class": "icon-arrow-top2",
      "unicode": "e665",
      "unicode_decimal": 58981
    },
    {
      "icon_id": "749780",
      "name": "收藏",
      "font_class": "shoucang",
      "unicode": "e60a",
      "unicode_decimal": 58890
    },
    {
      "icon_id": "1025066",
      "name": "相机",
      "font_class": "xiangji",
      "unicode": "e609",
      "unicode_decimal": 58889
    },
    {
      "icon_id": "1042097",
      "name": "下",
      "font_class": "down",
      "unicode": "e636",
      "unicode_decimal": 58934
    },
    {
      "icon_id": "1063458",
      "name": "单选",
      "font_class": "iconradio",
      "unicode": "e628",
      "unicode_decimal": 58920
    },
    {
      "icon_id": "1111310",
      "name": "右",
      "font_class": "xiangyou",
      "unicode": "e62d",
      "unicode_decimal": 58925
    },
    {
      "icon_id": "1518189",
      "name": "上",
      "font_class": "shang",
      "unicode": "e65d",
      "unicode_decimal": 58973
    },
    {
      "icon_id": "1518190",
      "name": "下",
      "font_class": "xia",
      "unicode": "e65e",
      "unicode_decimal": 58974
    },
    {
      "icon_id": "3050508",
      "name": "定位",
      "font_class": "location",
      "unicode": "e611",
      "unicode_decimal": 58897
    },
    {
      "icon_id": "4735289",
      "name": "icon_对号-面",
      "font_class": "icon_duihao-mian",
      "unicode": "e63d",
      "unicode_decimal": 58941
    },
    {
      "icon_id": "5244556",
      "name": "笔",
      "font_class": "bi",
      "unicode": "e617",
      "unicode_decimal": 58903
    },
    {
      "icon_id": "6205317",
      "name": "下",
      "font_class": "xia1",
      "unicode": "e614",
      "unicode_decimal": 58900
    },
    {
      "icon_id": "6237077",
      "name": "右",
      "font_class": "tubiaozhizuo-",
      "unicode": "e608",
      "unicode_decimal": 58888
    },
    {
      "icon_id": "6941232",
      "name": "竖线",
      "font_class": "shuxian",
      "unicode": "e638",
      "unicode_decimal": 58936
    },
    {
      "icon_id": "9149477",
      "name": "单选框",
      "font_class": "danxuankuang",
      "unicode": "e71e",
      "unicode_decimal": 59166
    },
    {
      "icon_id": "10715435",
      "name": "收藏",
      "font_class": "shoucang1",
      "unicode": "e637",
      "unicode_decimal": 58935
    }
  ]
}
